MlsNumber,PublicRemarks,Bathrooms,Bedrooms,InteriorSize,Type,Ammenities,Address,Longitude,Latitude,PostalCode,NeighbourHood,Price,PropertyType,ParkingSpace,OwnershipType,Appliances,FlooringType,BasementType,HeatingType,LandSize,AmmenitiesNearBy,PropertyTax,ZoningDescription,LowResPhoto
"S5133117","Welcome To 151 Little Ave! Outstanding 3 Bedroom, 2 Washroom Detached Home With Finished Basement Located In Desirable Allandale Heights. Great For Families And/Or Commuters! Modern Style Kitchen Overlooking Your Backyard Oasis! Garage Access To Inside With Potential For In-Law Suite! Move In Ready!**** EXTRAS **** All Existing: Light Fixtures, Window Coverings, Fridge, Stove, Dishwasher, Washer And Dryer. Large Fully Fenced Backyard With Gorgeous Garden! Only 2 Minutes From The 400! Close To Schools, Shopping And Parks! (28006827)","2","3",,"House",,"151 LITTLE AVE|Barrie, Ontario L4N6L6","-79.6792722","44.3627691","L4N6L6","Allandale Heights","$629,900 ","Single Family","5","Freehold",,,"N/A (Finished)","Baseboard heaters (Electric)","50 x 110 FT","Schools","$3,678",,"https://cdn.realtor.ca/listing/TS637502930320500000/reb82/highres/7/s5133117_1.jpg"
"S5132798","Detached Home In Highly Sought After South End Neighbourhood Close To Go Station, Highway 400, Shopping & Dining. Built In 2010 This Single Owner, Detached 3 Bedroom 4 Bath Home With A Finished Basement Will Not Last Long.**** EXTRAS **** Dishwasher, Dryer, Refrigerator, Stove, Washer (28004389)","4","3",,"House",,"138 SUN KING CRES|Barrie, Ontario L4M0E6","-79.6122535","44.3528053","L4M0E6","Innis-Shore","$599,900 ","Single Family","5","Freehold",,,"Full (Finished)","Forced air (Natural gas)","33 x 112 FT",,"$4,284.18",,"https://cdn.realtor.ca/listing/TS637502694470700000/reb82/highres/8/s5132798_1.jpg"
"S5132987","Fabulous Semi-Detached In Sought After South Barrie. Walking Distance Supermarket, Transit And Community Centre. Great 3-Bedroom Layout House With Recently Finished Basement And 4 Washrooms! Big Private Backyard And Extra-Wide Driveway For Easy Two Car Parking.  Furnace (2018), A/C (2018), Newer Carpet For Staircase And Bedrooms. Remaining 5Yr Warranty For Roof (2016).**** EXTRAS **** Includes All Elf's, Fridge, Stove, B/I Dishwasher, Washer And Dryer, Window Coverings, Water Softener (As Is). (28004580)","4","3",,"House",,"99 LESLIE AVE|Barrie, Ontario L4N9P2","-79.7099178","44.3410561","L4N9P2","Holly","$549,900 ","Single Family","2","Freehold",,,"Full (Finished)","Forced air (Natural gas)","29.53 x 114.82 FT",,"$3,594.36",,"https://cdn.realtor.ca/listing/TS637502695841370000/reb82/highres/7/s5132987_1.jpg"
"S5132756","Welcome Home! This Lovely 2+2 Bdrm Bungalow Is In A Perfect Location In Barrie Close To All City Amenities. Backing On To Farm Land With Two Walk Outs To A Deck Where You Can Enjoy Your Private Yard With New Shed. Updated Open Concept Kitchen Includes New Custom Cupboards, Quartz Counter Tops, Backsplash, Industrial Style Sink And Faucet, New S/S Stove,Fridge, Dishwasher And Microwave Mostly New Doors And Hardware Throughout.**** EXTRAS **** Laundry Area With Barn Door.Custom Address Lettering, Driveway Sealed, Landscaping Done To Front Yard Inclusions: Fridge, Stove, Microwave And Dishwasher, Washer, Dryer, Hot Tub And Shed (28004345)","2","4",,"House",,"108 HANMER ST W|Barrie, Ontario L4N7T6","-79.7200142","44.411384","L4N7T6","West Bayfield","$599,900 ","Single Family","4","Freehold",,,"Full (Finished)","Forced air (Natural gas)","49 x 109 FT","Public Transit","$3,836.40",,"https://cdn.realtor.ca/listing/TS637502694467600000/reb82/highres/6/s5132756_1.jpg"
"40074192","Welcome Home! This lovely 2+2 bdrm bungalow is in a perfect location in Barrie close to all city amenities and just as close to the ski hills! Backing on to farm land with two walk outs to a deck where you can enjoy your private yard with new shed and hot tub. Updated open concept kitchen includes new custom cupboards, quartz counter tops, backsplash, industrial style sink and faucet, new s/s stove,fridge, dishwasher and microwave. Mostly new doors and hardware, throughout, freshly painted. Primary bedroom with new accent wall and paint has walkout to deck right to the hot tub! New laundry area with barn door. Newly added 4th bedroom to the basement. Custom address lettering, driveway sealed, landscaping done to front yard. (62944959)","2","2 + 2","1084.0000","House",,"108 HANMER Street W|Barrie, Ontario L4N7T6","-79.720067","44.411449","L4N7T6",,"$599,900 ","Single Family","4","Freehold","Dishwasher, Dryer, Refrigerator, Stove, Washer, Hot Tub",,"Full (Finished)","Forced air, (Natural gas)","under 1/2 acre","Public Transit",,"R2","https://cdn.realtor.ca/listing/TS637502259828570000/reb17/highres/2/40074192_1.jpg"
"N5132319","This Stunning Bungalow In Innisfil Is The Perfect Investor, Starter Or Downsizer. It's Charm Hits You From The Minute You Pull In The Driveway! Featuring Entry/Mudroom W/ Storage, Open Concept Main Living Area W/ Beautiful Custom Built Entertainment Unit Framing The Cozy Gas F/P, Rich Dark Kitchen Cabinetry & Granite Counters, & Breakfast Bar. Large Windows & Pot Lights Throughout. 2Bdrms, & 4Pc Bath!**** EXTRAS **** Included - Fridge, Stove, Dishwasher, Microwave, Washer, Dryer, Kitchen Bar Stools Exclude- Tenants Belongings, Tvs, Hot Tub (Hot Tub Is Owned By Tenant, They Are Willing To Sell Private Deal) Property Extends Beyond The Fenced Area. (28002380)","1","2",,"House",,"2314 SOMERS BLVD|Innisfil, Ontario L9S2E8","-79.5376433","44.3269043","L9S2E8","Alcona","$589,000 ","Single Family","3","Freehold",,,"Crawl space","Baseboard heaters (Electric)","90 x 169.83 FT",,"$2,719.02",,"https://cdn.realtor.ca/listing/TS637502200272700000/reb82/highres/9/n5132319_1.jpg"
"S5131928","Top Reasons You Will Love This Home. Large Lot 60 Ft X 253 Ft Located In Prime Location Yonge St. Close To Schools, Parks, Shopping, Go Train Station, All Amenities. Many Interior Updates. New Furnace 2018, New Roof 2016, New Washer/Dryer 2020, 200 Amp Panel, 60 Amp In Detached Garage. A Great Opportunity Available.**** EXTRAS **** Incl: Fridge, Stove, Dishwasher, Washer/Dryer, All Window Coverings, All Elf's (28000168)","1","2",,"House",,"945 YONGE ST|Barrie, Ontario L9J0E6","-79.6309856","44.350902","L9J0E6","Painswick South","$499,000 ","Single Family","7","Freehold",,,"Partial (Unfinished)","Forced air (Natural gas)","60 x 253 FT","Public Transit, Schools","$2,820",,"https://cdn.realtor.ca/listing/TS637502117777300000/reb82/highres/8/s5131928_1.jpg"
"N5131688","Adorable Bungalow Steps To The Beach! Well Optimized Home With Private Beach Access! Close To All Amenities. Mature Lot With Trees & Fenced Yard With Shed & Workshop. Open Concept Floor Plan With Loads Of Natural Light, & Entrances At The Front, Back, & Side Of The Home! Laminate & Tile Flooring, Vaulted Ceiling In Foyer, Newer Furnace & Shingles. Don't Miss Out On This Cozy #hometostay! Visit Our Site For More Info, Photos, & A 3D Tour!**** EXTRAS **** Inclusions: Dryer, Refrigerator, Stove, Washer // Exclusions: Tenants Personal Belongings // Rental: Hot Water Heater (27999848)","1","2",,"House",,"2004 INGLEWOOD DR|Innisfil, Ontario L9S1Z1","-79.5420131","44.3120502","L9S1Z1","Alcona","$619,900 ","Single Family",,"Freehold",,,"Crawl space","Forced air (Natural gas)","49.9 x 150.46 M","Park, Schools","$2,270.84",,"https://cdn.realtor.ca/listing/TS637502060984000000/reb82/highres/8/n5131688_1.jpg"
"40073090","Detached home in highly sought after south end neighbourhood close to Go station, highway 400, shopping & dining. Built in 2010 this single owner, detached 3 bedroom 4 bath home with a finished basement will not last long. (62940763)","4","3 + 0","1631.0000","House",,"138 SUN KING Crescent|Barrie, Ontario L4M0E5","-79.61224277","44.35284824","L4M0E5",,"$599,900 ","Single Family","5","Freehold","Dishwasher, Dryer, Refrigerator, Stove, Water softener, Washer",,"Full (Finished)","Forced air","under 1/2 acre","Golf Nearby, Place of Worship, Playground, Public Transit, Schools, Shopping",,"R4","https://cdn.realtor.ca/listing/TS637502044511230000/reb17/highres/0/40073090_1.jpg"
"S5131701","Top 5 Reasons You Will Love This Home: 1) Well-Maintained And Sunlit Home 2) Spacious Main Level With An Open-Concept Kitchen And Breakfast Area With A Sliding Glass Door Walkout Leading To The Backyard 3) Fully-Finished Basement Offering Additional Living And Entertaining Space 4) Fully-Fenced Backyard Equipped With A Firepit Area, The Included Hot Tub, And A Patio 5) Within Close Proximity To A Vast Selection Of Amenities, Local Schools, And Much More.**** EXTRAS **** Inclusions: Fridge (X2), Stove, Dishwasher, Microwave, Washer, Dryer, Window Coverings (Blinds), Hot Tub (27999935)","4","3",,"House",,"5 TRASK DR|Barrie, Ontario L4N5R3","-79.7187965","44.3578395","L4N5R3","Ardagh","$599,999 ","Single Family","3","Freehold",,,"Full (Finished)","Forced air (Natural gas)","40.55 x 129.6 FT","Park, Schools","$4,442",,"https://cdn.realtor.ca/listing/TS637502061458400000/reb82/highres/1/s5131701_1.jpg"
"S5132051","Recently Updated 2,332 Sqft Back Split, On A Huge 82' X 150' Lot With 3 Bedrooms, And 2.5 Baths. Enter Into The Large Foyer Overlooking The Great Room. Step Down Into The Spacious Eat-In Kitchen With Stone Backsplash & Dining Area, Main Floor Laundry & An Office With A Convenient 2Pc Bath. Second Floor Has Been Freshly Painted. Brand New Ensuite With Granite Counters. Laminate & Stone On The Main 2 Floors. Home Has 2 Sep Bsmnt Areas, Good For Storage......**** EXTRAS **** ....With Recently Updated Electrical. Huge Private Yard Has A Shed & Tons Of Parking For Your Rv, Trailer Or Storage. Incl: Dishwasher, Dryer, Range Hood, Refrigerator, Washer (28000295)","3","4",,"House",,"202 COX MILL RD|Barrie, Ontario L4N4G5","-79.6514156","44.3594628","L4N4G5","Painswick North","$624,900 ","Single Family",,"Freehold",,,"Crawl space (Unfinished)","Forced air (Natural gas)","82 x 150 FT ; 161.15 X 87.36 X 151.29 X 82.56","Park, Public Transit","$3,500",,"https://cdn.realtor.ca/listing/TS637502082544170000/reb82/highres/1/s5132051_1.jpg"
"40069202","Beautifully updated Grandview bungalow backing on greenspace!  This home is a showstopper with a full kitchen renovation including upgraded stainless-steel appliances, water filtration, soft close doors, quartz countertop, and backsplash (2019). Additional updates include main bathroom renovation with heated floors, pot lights throughout main floor, replacement of all flooring of main floor (except bedrooms), painting of the entire interior of the home, refinishing of staircase to basement and sprayed stucco ceiling to make smooth (2019).  Truly a turnkey home in the highly sought-after neighbourhood, just move in and enjoy. (62936539)","2","3 + 2",,"House",,"113 GORE Drive|Barrie, Ontario L4N0A8","-79.72227843","44.35792359","L4N0A8",,"$650,000 ","Single Family","3","Freehold","Dishwasher, Dryer, Refrigerator, Stove, Washer",,"Full (Finished)","Forced air, (Natural gas)","under 1/2 acre","Public Transit, Schools",,"RES","https://cdn.realtor.ca/listing/TS637502008111000000/reb17/highres/2/40069202_1.jpg"
"40060330","Recently updated 2,332 Sqft back split, on a huge 82' x 150' lot with 3 bedrooms, and 2.5 baths. Enter into the large foyer overlooking the great room. Step down into the spacious eat-in kitchen with stone backsplash & dining area, main floor laundry & an office with a convenient 2pc bath. Second floor has been freshly painted. Brand new ensuite with granite counters. Laminate & Stone on the main 2 floors. Home has 2 separate basement areas, good for storage with recently updated electrical. Huge private yard has a shed & tons of parking for your RV, trailer or storage. (62927775)","3","3 + 0",,"House",,"202 COX MILL Road|Barrie, Ontario L4N4G5","-79.65140018","44.35947467","L4N4G5",,"$624,900 ","Single Family","8","Freehold","Dishwasher, Dryer, Refrigerator, Water meter, Washer, Hood Fan",,"Crawl space (Unfinished)","Forced air, (Natural gas)","under 1/2 acre","Park, Public Transit, Shopping",,"RES,","https://cdn.realtor.ca/listing/TS637502019926130000/reb17/highres/0/40060330_1.jpg"
"40073268","Top 5 Reasons You Will Love This Home: 1) Well-maintained and sunlit home 2) Spacious main level with an open-concept kitchen and breakfast area with a sliding glass door walkout leading to the backyard 3) Fully-finished basement offering additional living and entertaining space 4) Fully-fenced backyard equipped with a firepit area, the included hot tub, and a patio 5) Within close proximity to a vast selection of amenities, local schools, and much more. 1,944 fin.sq.ft. Age 18. For info, photos & video, visit our website. (62940001)","4","3 + 0","1473.0000","House",,"5 TRASK Drive|Barrie, Ontario L4N5R3","-79.7186463","44.35779806","L4N5R3",,"$599,999 ","Single Family","3","Freehold","Dishwasher, Dryer, Microwave, Stove, Washer, Hot Tub",,"Full (Finished)","Forced air, (Natural gas)","0.113 ac|under 1/2 acre","Park, Schools",,"R3","https://cdn.realtor.ca/listing/TS637501947934470000/reb17/highres/8/40073268_1.jpg"
"40073638","ADORABLE BUNGALOW STEPS TO THE BEACH! Well optimized home boasting private beach access! Commuters will relish the easy access to commuter routes, while outdoor enthusiasts will enjoy the close proximity to the lake, parks, and the beach! Also close by are restaurants, shopping, schools, and the YMCA. Nestled on a mature, treed lot, and showcasing an open concept floor plan with loads of natural light flooding in through large windows. Convenient entrances at the front, back, and side of the home! Laminate and tile flooring throughout, and a welcoming foyer with a vaulted ceiling adorned with wooden planks. Fenced yard with deck, workshop, and shed. Newer shingles and a newer furnace will provide peace of mind for years to come. Dont miss out on this cozy #HomeToStay! Visit our site for more info, photos, and a 3D tour! (62940107)","1","2 + 0",,"House",,"2004 INGLEWOOD Drive|Innisfil, Ontario L9S1Z1","-79.54159475","44.31176392","L9S1Z1",,"$619,900 ","Single Family","10","Freehold","Dryer, Refrigerator, Stove, Washer",,"Crawl space (Unfinished)","Forced air, (Natural gas)","under 1/2 acre","Beach, Park, Schools",,"R1","https://cdn.realtor.ca/listing/TS637501918792400000/reb17/highres/8/40073638_1.jpg"
"40073569","Welcome to 2314 Somers Blvd. Calling all INVESTORS, NEW BUYERS or buyers looking to DOWNSIZE!!  Its charm hits you from the minute you pull in the driveway with this large lot that could be divided into two! Featuring a convenient entry/mudroom with room for storage, a fantastic open concept main living area with beautiful custom built entertainment unit framing the cozy gas fireplace, rich dark kitchen cabinetry with granite counters, ceramic tiles and breakfast bar. Large, bright windows and pot lights throughout. Two bedrooms, a full 4pc bath and great closet space! The yard space is incredible with a mature treed back lot-line for privacy, a fully fenced area of the backyard which is great for keeping a close watch on children or pets, with the rest of the yard extending well past the fenced area. A fully detached garage with heated storage area at back and large garden shed for even more storage. Just a short walk to the shores of Lake Simcoe, this home is an absolute gem! (62939817)","1","2 + 0","774.0000","House",,"2314 SOMERS Boulevard|Innisfil, Ontario L9S2E8","-79.53784178","44.32681832","L9S2E8",,"$589,000 ","Single Family",,"Freehold","Dishwasher, Dryer, Refrigerator, Stove, Washer, Microwave Built-in",,"Crawl space (Unfinished)","Baseboard heaters","1/2 - 1.99 acres","Beach, Park, Playground, Schools",,"Residential","https://cdn.realtor.ca/listing/TS637501884361300000/reb17/highres/9/40073569_1.jpg"
"N5129991","Wonderful Neighbourhood Just A 10-Minute Walk To Simcoe Beach!!  Fenced, Corner Lot And Tons Of Potential To Turn This 3 Bedroom Home Into Your Dream Home. 1240 Sq Ft Total Living Space, Renovated Living & Dining Room With Hardwood Floors & Gas Fireplace. Lots Of Windows To Let In The Natural Light. 664Sqft 2.5 Car Cedar Siding Insulated Garage. Well Operable For Gardening. 220Amp. Roof 2012.**** EXTRAS **** Incl: All Electric Light Fixtures; All Window Coverings; Stacked Kenmore Washer/Dryer, Stainless Steel Anama Stove, Stainless Steel Ge Fridge; Work Bench & Cabinetry In Garage; Ask La About Additional Building Materials Incl. (27992317)","1","3",,"House",,"1012 WESTMOUNT AVE|Innisfil, Ontario L9S1T6","-79.5483339","44.3091078","L9S1T6","Alcona","$599,000 ","Single Family","6","Freehold",,,"Crawl space",,"108.5 x 200 FT",,"$4,210.66",,"https://cdn.realtor.ca/listing/TS637499624163070000/reb82/highres/1/n5129991_1.jpg"
"S5129733","Surprisingly Spacious 2000+ Sq Ft (Incl Bsmnt) Of Total Finished Space W/ 3 Bdrm On Main + 3 Bdrm On Lower & 3 Baths.  A Must See Home W/ Loads Of Natural Light Open Concept. Lge Private Bkyd (33X165).  Bright High Bsmnt W/ Great In-Law Or Income Potential. Fantastic Location Walk To Dwtn, Beach/Waterfront, Park, Public Transit, Shopping, Restaurants, Go Station, Short Drive To Hwy 400.**** EXTRAS **** Ss Fridge, Stove, B/I Micrwave, Brkfst Bar+3 Chrs, Washer & Dryer, White Fridge In Bsmt, Furnace(Owned),  Excl:  Upright Freezer,  All Win Covrgs & Rods, Tv Wall Mount In Rec Rm,  Light Fixtures:--Lvg, Dining & Brkfst Bar (Will Replace). (27992072)","3","3 + 3",,"House",,"53 SANFORD ST|Barrie, Ontario L4N3C3","-79.6948949","44.3804791","L4N3C3","Sanford","$550,000 ","Single Family",,"Freehold",,,"Full (Finished)","Forced air (Natural gas)","33.01 x 165 FT","Park, Public Transit","$3,391.39",,"https://cdn.realtor.ca/listing/TS637499648951400000/reb82/highres/3/s5129733_1.jpg"
"S5129733","Surprisingly Spacious 2000+ Sq Ft (Incl Bsmnt) Of Total Finished Space W/ 3 Bdrm On Main + 3 Bdrm On Lower & 3 Baths.  A Must See Home W/ Loads Of Natural Light Open Concept. Lge Private Bkyd (33X165).  Bright High Bsmnt W/ Great In-Law Or Income Potential. Fantastic Location Walk To Dwtn, Beach/Waterfront, Park, Public Transit, Shopping, Restaurants, Go Station, Short Drive To Hwy 400.**** EXTRAS **** Ss Fridge, Stove, B/I Micrwave, Brkfst Bar+3 Chrs, Washer & Dryer, White Fridge In Bsmt, Furnace(Owned),  Excl:  Upright Freezer,  All Win Covrgs & Rods, Tv Wall Mount In Rec Rm,  Light Fixtures:--Lvg, Dining & Brkfst Bar (Will Replace). (27992072)","3","3 + 3",,"House",,"53 SANFORD ST|Barrie, Ontario L4N3C3","-79.6948949","44.3804791","L4N3C3","Sanford","$550,000 ","Single Family",,"Freehold",,,"Full (Finished)","Forced air (Natural gas)","33.01 x 165 FT","Park, Public Transit","$3,391.39",,"https://cdn.realtor.ca/listing/TS637499648951400000/reb82/highres/3/s5129733_1.jpg"
"40072984","Spacious & centrally located! Lovely home in Barrie's sought-after east end on a quiet street. 4-level side split offers 5 bedrooms & 3 bathrooms including a main level master en-suite with a W/O to patio. Open concept living room w/ bay window, dining room and kitchen with Brand new S/S appliances, gas stove, extra storage/pantry and W/O to deck. 4 good-sized bedrooms and 4-piece washroom on second level. ALL bathrooms have been updated. Fully fenced backyard with privacy fence for outdoor entertaining or hot tub. Zoning allows for room rentals. In-law suite capability. Close to Georgian College, RVH hospital, shopping centres and parks. Come and see all that this home has to offer! (62934375)","3","4 + 1","1800.0000","House",,"13 GLENECHO Drive|Barrie, Ontario L4M4J2","-79.66382326","44.40784142","L4M4J2",,"$599,000 ","Single Family","3","Freehold","Central Vacuum, Dishwasher, Dryer, Refrigerator, Water softener, Washer, Microwave Built-in, Gas stove(s)",,"Partial (Partially finished)",,"under 1/2 acre","Beach, Hospital, Park, Place of Worship, Public Transit, Schools, Shopping",,"RES","https://cdn.realtor.ca/listing/TS637499488525500000/reb24/highres/4/40072984_1.jpg"
"N5129002","Exceptional Family Home Backing Onto Beautiful Ep Land! Link Home Centrally Located Mins From Parks, Trails, Shopping & A School! Main Floor With New Scratchproof, Waterproof Flooring, A Wood Fp & W/O To Large Private Deck & Fenced Yard! 4 Beds Including Primary With A Barn Board Accent Wall! Fin Basement! Irrigation System In The Front & Back! Start Your Homeownership Journey With This Impeccable #hometostay! Visit Our Site For More Info, Photos, &A 3D Tour!**** EXTRAS **** Inclusions: Built-In Microwave, Carbon Monoxide Detector, Dishwasher, Dryer, Gas Stove, Refrigerator, Smoke Detector, Washer, Window Coverings // Exclusions: Wall Mounted Tvs // Rental: Hwt-Gas (27989735)","3","4",,"House",,"2202 CHALMERS CRES|Innisfil, Ontario L9S1Y6","-79.564317","44.3144716","L9S1Y6","Alcona","$649,000 ","Single Family","3",,,,"Full (Finished)","Forced air (Natural gas)","29.53 x 122.8 FT","Park, Schools","$3,466.02",,"https://cdn.realtor.ca/listing/TS637499457583970000/reb82/highres/2/n5129002_1.jpg"
"S5129363","Absolutely Amazing Value With This Beautifully Renovated Bungalow On A 50X130 Foot Lot Backing Onto A Forest, Steps Away From Lake Simcoe! Highly Desirable Location In Oro-Medonte & Enjoy The Deeded Access To A Private Resident-Only Beach With 100Ft Of Waterfront Frontage! Home Has Been Recently Renovated With New Flooring, Kitchen, Bathrooms, And Paint. Enjoy A Fully Heated And Serviceable Bunkie In The Backyard! Tons Of Potential With This Property!**** EXTRAS **** New Fridge, Stove, Dishwasher Reverse Osmosis Water System In Kitchen. Washer & Dryer. Light Fixtures & Window Coverings. (27990221)","1","2",,"House",,"22 PARK VIEW AVE|Oro-Medonte, Ontario L0L2E0","-79.5368459","44.4290136","L0L2E0","Rural Oro-Medonte","$499,900 ","Single Family",,"Freehold",,,,,"50 x 130 FT","Marina, Park","$1,289",,"https://cdn.realtor.ca/listing/TS637499477451170000/reb82/highres/3/s5129363_1.jpg"
"S5128867","Excellent Home For First-Time Buyers In A Sought-After Location! Situated In Barrie's Sought-After South End, Mins From Amenities & Hwy 400 Access! Beautiful Open-Concept Interior Showcases A Well-Appointed Kitchen & A Living Room With A Gas Fp & W/O! Bonus Living Space In The Finished Basement! Spend Warmer Months In The Private Backyard! Your Homeownership Journey Begins With This Wonderful #hometostay! Visit Our Site For More Info, Photos, & A 3D Tour!**** EXTRAS **** Incl: Dishwasher, Dryer, Garage Door Opener, Stove, Washer, Window Coverings. Rental: Hot Water Heater. (27989708)","2","3",,"House",,"42 RUNDLE CRES|Barrie, Ontario L4N8E7","-79.7230078","44.3239189","L4N8E7","Holly","$579,000 ","Single Family","3","Freehold",,,"N/A (Finished)","Forced air (Natural gas)","39.37 x 114.83 FT ; Approx As Per Geo","Park, Public Transit, Schools","$3,533.85",,"https://cdn.realtor.ca/listing/TS637499457919030000/reb82/highres/7/s5128867_1.jpg"
"40071927","Lovely 3 bedroom, 3 bathroom end unit link home features many upgrades. Kitchen offers gorgeous granite countertops, refinished cabinets and glass tile backsplash. Open concept design, living room features hardwood flooring & cozy gas fireplace.  Master Bedroom offers a walk-in closet beautifully updated 4pc ensuite Bath. Ceiling fans in all bedrooms, updated main Bath w quartzite countertop, new flooring in bedrooms & hall. Convenient main floor laundry & inside entry to garage.  New shingles & front entry door in 2018. Spacious, fully fenced back yard with large gate to allow storage for your boat or trailer and lots of yard for a trampoline or playset.  Oversized single garage has 240 electrical wired in. This fantastic home is waiting for your family to call it their own!  Shows beautifully! (62932054)","3","3 + 0","1453.0000","House",,"46 VILLERS Street|Barrie, Ontario L4N0X2","-79.73027927","44.37833507","L4N0X2",,"$629,900 ","Single Family","5","Freehold","Dishwasher, Dryer, Refrigerator, Water meter, Washer, Hood Fan, Window Coverings",,"Full (Partially finished)","Forced air, (Natural gas)","under 1/2 acre","Park, Public Transit",,"RES","https://cdn.realtor.ca/listing/TS637499490122670000/reb17/highres/7/40071927_1.jpg"
"40072907","Absolutely Amazing Value With This Beautifully Renovated Bungalow On A 50X130 Foot Lot Backing Onto A Forest, Steps Away From Lake Simcoe! Highly Desirable Location In Oro-Medonte & Enjoy The Deeded Access To A Private Resident-Only Beach With 100Ft Of Waterfront Frontage! Home Has Been Recently Renovated With New Flooring, Kitchen, Bathrooms, And Paint. Enjoy A Fully Heated And Serviceable Bunkie In The Backyard! Tons Of Potential With This Property! Extras:New Fridge, Stove, Dishwasher Reverse Osmosis Water System In Kitchen. Washer & Dryer. Light Fixtures & Window Coverings. (62932763)","1","2 + 0",,"House",,"22 PARK VIEW Avenue|Oro-Medonte, Ontario L0L2E0","-79.537095","44.429197","L0L2E0",,"$499,900 ","Single Family",,"Freehold","Dryer, Refrigerator, Stove, Washer",,"None","Other","under 1/2 acre","Beach",,"SR","https://cdn.realtor.ca/listing/TS637499412945470000/reb17/highres/7/40072907_1.jpg"
"40072389","Bright End Unit Bungalow Nestled In The Private Enclave Of The Adult Lifestyle Townhomes of Allandale Villa. Main Features Gorgeous Hardwood Flooring & California Shutters In An Open Concept Kitchen/Living/Dining Room Layout, 4 Pc Bath & Master Bedroom. Hardwood Floors & Pot Lights In Basement W/Family Room, Spare Bedroom, Laundry, & 3 Pc Bath. Single Car Garage (62931962)","2","1 + 1",,"House",,"318 LITTLE Avenue Unit# 7|Barrie, Ontario L4N2Z6","-79.66763857","44.36662439","L4N2Z6",,"$519,000 ","Single Family","2","Condominium","Dryer, Stove, Washer",,"Full (Finished)","Forced air",,"Beach, Hospital, Park",,"RES","https://cdn.realtor.ca/listing/TS637499351106070000/reb85/highres/9/40072389_1.jpg"
"40072603","EXCEPTIONAL FAMILY HOME BACKING ONTO BEAUTIFUL EP LAND! Link home centrally located mins from parks, trails, shopping & a school! Main floor with new scratchproof, waterproof flooring, a wood FP & W/O to large private deck & fenced yard! 4 beds including primary with a barn board accent wall! Fin basement! Irrigation system in the front & back! Start your homeownership journey with this impeccable #HomeToStay! Visit our site for more info, photos, &a 3D tour! (62931708)","3","4 + 0","1400.0000","House",,"2202 CHALMERS Crescent|Innisfil, Ontario L9S1Y6","-79.56423125","44.31450008","L9S1Y6",,"$649,000 ","Single Family","3","Freehold","Central Vacuum - Roughed In, Dishwasher, Dryer, Refrigerator, Washer, Microwave Built-in, Gas stove(s), Window Coverings",,"Full (Finished)","Forced air, (Natural gas)","under 1/2 acre","Beach, Schools",,"RS","https://cdn.realtor.ca/listing/TS637499283945100000/reb17/highres/3/40072603_1.jpg"
"40072597","EXCELLENT HOME FOR FIRST-TIME BUYERS IN A SOUGHT-AFTER LOCATION! Situated in Barries sought-after south end, mins from amenities & Hwy 400 access! Beautiful open-concept interior showcases a well-appointed kitchen & a living room with a gas FP & W/O! Bonus living space in the finished basement! Spend warmer months in the private backyard! Your homeownership journey begins with this wonderful #HomeToStay! Visit our site for more info, photos, & a 3D tour! (62931581)","2","3 + 0","1347.0000","House",,"42 RUNDLE Crescent|Barrie, Ontario L4N8E7","-79.72302269","44.32392374","L4N8E7",,"$579,000 ","Single Family","3","Freehold","Dishwasher, Dryer, Stove, Washer, Window Coverings",,"Full (Finished)","Forced air, (Natural gas)","under 1/2 acre","Public Transit, Schools",,"R3","https://cdn.realtor.ca/listing/TS637499247834900000/reb17/highres/7/40072597_1.jpg"
"S5128454","Attention Young Families And Investors! This Bungalow Has Plenty Of Opportunity With A Fully Separate Entrance And Staircase To The Basement, And A Family-Friendly Layout And Flow. Located In One Of Barrie's Most Sought-After Neighbourhoods And Close To All Amenities, The Location Couldn't Get Any Better! Whether You Want To Put Your Personal Touches On This Home Or Create An Investment Opportunity, This Is The One!**** EXTRAS **** Fridge, Stove, Washer, Dryer (27987265)","3","2 + 2",,"House",,"47 GORE DR|Barrie, Ontario L4N8L6","-79.7183605","44.3561517","L4N8L6","Ardagh","$629,900 ","Single Family","6","Freehold",,,"N/A (Finished)","Forced air (Natural gas)","47 x 121 FT",,"$4,926",,"https://cdn.realtor.ca/listing/TS637499239516370000/reb82/highres/4/s5128454_1.jpg"
"S5127985","Incredible Opportunity To Own This Cozy Home Located Less Than 4 Minutes From Minet's Point Beach. Amazing 300 Ft Deep Lot With Room To Grow Or Potential For Future Redevelopment. Enjoy The Peace And Quiet In The Private Backyard Paradise Surrounded By Large Mature Trees. Cottage Feel With City Amenities Around The Corner. Room Measurements Are Approximate. Buyer To Verify.**** EXTRAS **** Inclusions: Stove, Refrigerator And Washer/Dryer Will Be Replaced.   Exclusions: Tenant's Belongings. (27985557)","1","2",,"House",,"226 FOSTER DR|Barrie, Ontario L4N3X8","-79.6640306","44.3700474","L4N3X8","Innis-Shore","$599,000 ","Single Family",,"Freehold",,,"N/A (Unfinished)","Forced air (Natural gas)","60.01 x 300 FT",,"$2,983.69",,"https://cdn.realtor.ca/listing/TS637498878723700000/reb82/highres/5/s5127985_1.jpg"
"S5128067","Beautiful Marriage Of Modernity & Original Charm On A Nearly ? Acre In-Town Lot! Park-Like Setting With Room For A Garden Suite & Boat & Rv Parking! Situated Mins From Amenities, Hwy 400, & The Go! Extensively Updated Interior Retains Original Charm! Open-Concept Living & Dining! Bright & Cheery Kitchen With An Attached Family Room! Large Bedrooms! The Charming #hometostay You've Been Waiting For! Visit Our Site For More Info, Photos, & A 3D Tour!**** EXTRAS **** Incl: Dishwasher, Dryer, Gas Stove, Refrigerator, Washer, Window Coverings, Hot Tub Wiring, Shed. Excl: Hot Tub, Side Storage Container. Rental: On Demand Water Heater (27985645)","2","2",,"House",,"6 CENTRE ST|Barrie, Ontario L4N3L4","-79.6943238","44.3706644","L4N3L4","Allandale","$649,900 ","Single Family",,"Freehold",,,"Partial (Unfinished)","Forced air (Natural gas)","30.8 x 127.37 FT ; 62.61X127.37X30.80X175.28X48.19 Ft","Public Transit","$3,291.80",,"https://cdn.realtor.ca/listing/TS637498748317970000/reb82/highres/7/s5128067_1.jpg"
"N5127957","Top 5 Reasons You Will Love This Home: 1) Updated Bungalow Just Minutes To Beaches, Amenities, And Lake Simcoe 2) Beautiful Principal Rooms In Addition To Two Bedrooms And A Full Bathroom 3) Detached And Heated Double Car Garage Alongside A Double Wide Driveway 4) Selection Of Newer Windows (2016), A Reshingled Roof (2015), A Newer Furnace And Air Conditioner (2016), And An Owned Water Heater (2016) 5) Large In-Town Lot Placed On A Low-Traffic Street.**** EXTRAS **** Inclusions: Fridge, Stove, Microwave, Washer, Dryer, Owned Hot Water Tank (27985464)","1","2",,"House",,"684 TRINITY ST|Innisfil, Ontario L9S2G7","-79.5372415","44.3332533","L9S2G7","Alcona","$649,900 ","Single Family","17","Freehold",,,"Crawl space (Unfinished)","Forced air (Natural gas)","80 x 190 FT",,"$2,968",,"https://cdn.realtor.ca/listing/TS637498748278030000/reb82/highres/7/n5127957_1.jpg"
"40072109","Larger semi-detached brick home in great area close to Hospital, College, Hwy 400 access. This 3 generous sized Bdrms, 2 1/2 bath. Partially finished lower level with cozy fireplace in your bright den.  Home is in great move in condition .. shows well. Bright eat-in kitchen with walk-out to deck with private, fenced yard. Gas hook up for BBQ off back deck. Oversize 1 1/2 car garage + paved drive with room for additional 4 vehicles. Over 1,500 sq. ft with over 1,850 sq ft. finished. Great family home or investment property in an incredibly desirable  area! (62928956)","2","3 + 0",,"House",,"59 WEYMOUTH Road|Barrie, Ontario L4M6R7","-79.651151","44.410395","L4M6R7",,"$579,999 ","Single Family","5","Freehold","Dishwasher, Water meter",,"Full (Partially finished)","Forced air, (Natural gas)","under 1/2 acre","Golf Nearby, Hospital, Park, Public Transit",,"RM1","https://cdn.realtor.ca/listing/TS637498680465370000/reb17/highres/9/40072109_1.jpg"
"S5127256","Beautiful 3 Level Backsplit Minutes From The 400 Highway With Schools, Shopping, Parks And Transit All Within Close Proximity. Spacious 3+1 Bed Updated Top To Bottom. Stainless Steel Appliances, French Doors Side Entrance, Finished Basement With Fireplace And Extra Storage. Enjoy Evenings In The Backyard With Tall Trees, Large Cement Pad To Play Basketball Or Relax By The Outdoor Fire Pit. Spacious 2 Car Garage With Two More Additional Driveway Spots.**** EXTRAS **** Newly Enclosed Mudroom With Entryguard Door & Triple Pane Windows. Include: Fridge, Stove, Dishwasher, Washer & Dryer, Window Coverings, Electric Light Fixtures. Hot Water Tank (Rental) (27983150)","2","3 + 1",,"House",,"91 SPRINGDALE DR|Barrie, Ontario L4M5B2","-79.7008746","44.4109897","L4M5B2","Cundles East","$599,000 ","Single Family","4","Freehold",,,"N/A (Finished)","Forced air (Natural gas)","54.99 x 120 FT",,"$4,259.98",,"https://cdn.realtor.ca/listing/TS637498596876070000/reb82/highres/6/s5127256_1.jpg"
"S5127257","Exceptionally Cared For Home With A Walk-Out In-Law Suite! Centrally Located Mins From Amenities, Shopping, & Schools! Major Updates Including Most Mechanical Items, Most Windows (2018), Front & Patio Doors (2019), Driveway Paving (2019), Main Bathroom (2020), & Laundry Room (2021)! Eat-In Kitchen With A W/O To An Oversized Deck! Well Cared For By Original Owners! Don't Let This Lovely #hometostay Get Away! Visit Our Site For More Info, Photos, & A 3D Tour!**** EXTRAS **** Incl: Dishwasher (2), Fridge (2), Stove (2). Excl: Washer, Dryer, Nest Doorbell. Rental: Hot Water Heater (27983152)","2","3 + 2",,"House",,"440 SUNNIDALE  RD|Barrie, Ontario L4N7A8","-79.7302821","44.4012393","L4N7A8","Northwest","$649,900 ","Single Family","4","Freehold",,,"N/A (Finished)","Forced air (Natural gas)","49.2 x 109.3 FT ; Approx As Per Geo","Park, Public Transit, Schools","$4,042.14",,"https://cdn.realtor.ca/listing/TS637498596880670000/reb82/highres/7/s5127257_1.jpg"
"S5127399","Beautiful Fully Finished Home In Highly Desirable Northwest Barrie! 3 Br, 3 Bath. Main Floor Boast An Updated Eat-In Kitchen W/Out To Patio & Fully Fenced Back Yard. Living/Dining Room With Gleaming Hardwood Floors. Upstairs You Find 3 Large Bedrooms, Master With 4 Peice Semi-Ensuite. Basement Has Large Family Room, 3 Pc Bath. 4 Parking Spaces Available + 2 In Garage. Steps To Bayfield, Georgian Mall, Schools, Parks And All Amenities & Easy Access To Hwy 400.**** EXTRAS **** Inclusions: Fridge, Stove, Dishwasher, Washer 7 Dryer, Window Coverings, Light Fixtures, Hwt, Water Softener, Reverse Osmosis, Gazebo On Back Deck. (27983297)","3","3",,"House",,"24 CARDINAL ST|Barrie, Ontario L4M6C8","-79.692158","44.4124965","L4M6C8","400 North","$625,000 ","Single Family","6","Freehold",,,"Full (Finished)","Forced air (Natural gas)","45.93 x 109.96 FT","Hospital, Public Transit","$3,860.62",,"https://cdn.realtor.ca/listing/TS637498596894030000/reb82/highres/9/s5127399_1.jpg"
"S5127399","Beautiful Fully Finished Home In Highly Desirable Northwest Barrie! 3 Br, 3 Bath. Main Floor Boast An Updated Eat-In Kitchen W/Out To Patio & Fully Fenced Back Yard. Living/Dining Room With Gleaming Hardwood Floors. Upstairs You Find 3 Large Bedrooms, Master With 4 Peice Semi-Ensuite. Basement Has Large Family Room, 3 Pc Bath. 4 Parking Spaces Available + 2 In Garage. Steps To Bayfield, Georgian Mall, Schools, Parks And All Amenities & Easy Access To Hwy 400.**** EXTRAS **** Inclusions: Fridge, Stove, Dishwasher, Washer 7 Dryer, Window Coverings, Light Fixtures, Hwt, Water Softener, Reverse Osmosis, Gazebo On Back Deck. (27983297)","3","3",,"House",,"24 CARDINAL ST|Barrie, Ontario L4M6C8","-79.692158","44.4124965","L4M6C8","400 North","$625,000 ","Single Family","6","Freehold",,,"Full (Finished)","Forced air (Natural gas)","45.93 x 109.96 FT","Hospital, Public Transit","$3,860.62",,"https://cdn.realtor.ca/listing/TS637498596894030000/reb82/highres/9/s5127399_1.jpg"
"S5127929","Attention Investors- Cash Flow! Amazing Detached Legal Duplex/Secondary Suite In Barrie Is Waiting Or You! Over +$4200/Mth Rent With Potential For Upside! Well Maintained Home Features. Lower Unit With Separate Entrance Kitchen, Bath, 2 Beds & Washroom! Main Unit Includes 4 Beds, 1.5 Baths, Laundry & Kitchen! Close To College, Highway & Conveniences! Start Investing Today!**** EXTRAS **** Select Furniture & Chattels To Stay (See List). Main Floor Kitchen Appliances. Basement Appliances, Vinyl Windows, Newer Furnace & Air Conditioner. Ecobe Thermostat, Washer/Dryer On Timer. Full Financials Avail (27983851)","3","4 + 2",,"House",,"5 WEST GATE|Barrie, Ontario L4M2V7","-79.6687826","44.4083621","L4M2V7","Grove East","$599,900 ","Single Family","5","Freehold",,,"N/A","Forced air (Natural gas)","54.99 x 100 FT","Park, Public Transit, Schools","$4,368.90",,"https://cdn.realtor.ca/listing/TS637498669943500000/reb82/highres/9/s5127929_1.jpg"
"S5127661","Welcome To 217 Nathan Cres In Desirable South End Barrie! This Bright And Spacious Home Offers 3+1 Bedrooms, 2 Washrooms, And A Partially Finished Basement Waiting For Your Finishing Touches. Walk Out From Your Eat-In Kitchen To A Newly Built 16' X16' Deck With Gazebo And Enjoy The Afternoon Sun! Close To All Amenities...Parks, School, Shopping, Transit, Dinning..The List Goes On! Book Your Showing Today..Don't Miss Out! ** This is a linked property.** **** EXTRAS **** Includes Existing Appliances; Fridge, Stove, B/I Dishwasher, Washer/Dryer. Existing Window Coverings & Electrical Light Fixtures.  Exclude: Freezer In Garage, Tire Rack & Cabinets In Garage, Disco Ball In 3rd Bedroom, Lights Around Deck. (27983571)","2","3 + 1",,"House",,"217 NATHAN CRES|Barrie, Ontario L4N0N3","-79.6497168","44.3456775","L4N0N3","Painswick South","$599,900 ","Single Family","4","Freehold",,,"Full (Partially finished)","Forced air (Natural gas)","29.5 x 112.73 FT","Park, Schools","$3,364.41",,"https://cdn.realtor.ca/listing/TS637498599681830000/reb82/highres/1/s5127661_1.jpg"
"S5127819","Perfect 3+2 Bedroom Detached Home * Premium 40X110Ft Lot * Energy Star Home* Open Concept Liv/Din * Eat-In Kitchen W/S/S Appl+ Backsplash & Lots Of Cabinets * Breakfast Area W/W/O To Yard * Family W/Upg'd Gas Fp & W/O To Patio * Master Bdrm W/His/Hers Closets & 5Pc Ensuite * Cathedral Ceilings & Skylight On 2nd * Fin'd Bsmt W/Rec +2 Beds & 3Pc Bath * Fully Fenced Yard * Arched Staircase * Interlocked Driveway * Close To Schools, Parks+Costco & Park Place Mall**** EXTRAS **** Include Existing: Fridge; Stove; Dishwasher; Washer & Dryer; All Light Fixtures; All Window Coverings; New Garage Door ('20); California Shutters; Hwt (Rental) * Visit Virtual Tour @ Www9Michelle.Ca (27983736)","4","3 + 2",,"House",,"9 MICHELLE DR|Barrie, Ontario L4N5Y1","-79.653935","44.3323716","L4N5Y1","Painswick South","$649,900 ","Single Family","3","Freehold",,,"Full (Finished)","Forced air (Natural gas)","40 x 110 FT ; Premium 40X110Ft Deep Lot!","Park, Schools","$4,986.06",,"https://cdn.realtor.ca/listing/TS637498639507200000/reb82/highres/9/s5127819_1.jpg"
"S5127875","One Of A Kind!! Absolutely Gorgeous Home Located In The Prime Southwest Of Barrie.   Totally Renovated Charming Raised Bungalow.   Hardwood Floor(2020) Throughout On Main; Newer Kitchen Offers Custom Built Cabinets, Quartz Counter Tops, Back Splashes, S/S Appliances & Breakfast Bar; Perfect Gas Fireplace In Unique Loft Style Huge Living Rm; Skylight; Newer 3 Pc Bath & 4 Pc En-Suit On Main. Boasts Walk-Out To Your Very Own Oasis In Private Back Yard.**** EXTRAS **** S/S: Fridge,Stove,Dishwasher,Micro W Rangehood-All 2019, Washer & Dryer, Led Light Fixture 2020, Gazebo 2019, A/C 2018,  Windows 2019 W Coverings,Gdo + Rem 2020, Entrance Door 2019. Shelf Unit In 2nd Bedroom, Roof 2016, Laundry Room On Main (27983794)","3","2 + 1",,"House",,"11 BLUEGRASS DR|Barrie, Ontario L4N9N9","-79.7115615","44.3407733","L4N9N9","Holly","$629,000 ","Single Family","4","Freehold",,,"N/A (Finished)","Forced air (Natural gas)","32.15 x 122.28 FT ; 122.30 Ft X 31.05 Ft X 1.08 Ft X 139.49","Park","$4,138.97",,"https://cdn.realtor.ca/listing/TS637498770481500000/reb82/highres/5/s5127875_1.jpg"
"S5127212","Large Private Yard With Extensive Landscaping. W/O From Kitchen To Large Deck. Kitchen Open Concept To Family Room Which Overlooks Front Entrance And Lower Level. Very Bright Home With Large Windows Front And Rear. Semi Ensuite Bathroom To Master Bdrm. Semi Ensuite Bathroom To Master Bdrm. (27983104)","2","2 + 1",,"House",,"57 LOUGHEED RD|Barrie, Ontario L4N8G1","-79.7291866","44.319466","L4N8G1","Holly","$599,000 ","Single Family","3","Freehold",,,"N/A (Finished)","Forced air (Natural gas)","39.41 x 111.49 FT",,"$3,994",,"https://cdn.realtor.ca/listing/TS637498596868200000/reb82/highres/2/s5127212_1.jpg"
"S5127186","Beautiful Family Home With Tremendous Pride Of Ownership Throughout! Excellent Neighbourhood Close To Hwy 400! Ample Parking, Newer Shingles (Approx 2014) & Newer Front Porch (2019)! Great Yard With Perennials & A Firepit! Engineered Hardwood Throughout The Main Floor & Newer Carpet Upstairs (2016)! He Furnace! Unspoiled Basement Boasts Bathroom Rough-In! A Perfect #hometostay For You & Your Family! Visit Our Site For More Info, Photos, & A 3D Tour!**** EXTRAS **** Inclusions: Dishwasher, Dryer, Garage Door Opener, Stove, Fridge, Washer, Window Coverings // Rental: Hwt-Electric, Water Softener (27983076)","2","3",,"House",,"47 PORRITT ST|Barrie, Ontario L4N6Y3","-79.7115588","44.3589423","L4N6Y3","Ardagh","$599,000 ","Single Family","5","Freehold",,,"Full (Unfinished)","Forced air (Natural gas)","78.74 x 112.75 FT ; 42.26X96.70X6.27X6.27X6.27X25.50X112.75'","Schools","$3,449.13",,"https://cdn.realtor.ca/listing/TS637498596864830000/reb82/highres/6/s5127186_1.jpg"
"S5127275","Welcome To This Charming 3 Bedroom Home With An Extra Room That Has Potential To Be A 4th Bedroom, Office Or 3 Season Sunroom. Backs Onto Golf Course And Only 5 Minutes From Barrie. Large Upgraded Eat In Kitchen Includes Stainless Steel Appliances And Has An Ionizer And Reverse Osmosis Water Filter System. Shop In The Back For Workspace/Storage. This Home Won't Last Long. Book Your Private Showing Today. Accepting Offers Anytime.**** EXTRAS **** Inclusions: Fridge, Stove, Dishwasher, Microwave, All Light Fixtures, Window Coverings, 2 Portable Air Conditioner Units. Projector Screen, Sheds. Rental: Propane Tank. (27983171)","1","3",,"House",,"4876 90 COUNTY RD|Springwater, Ontario L4M4S4","-79.7770188","44.3545969","L4M4S4","Rural Springwater","$515,000 ","Single Family",,"Freehold",,,"Crawl space",,"60.01 x 160 FT","Ski area","$1,837.82",,"https://cdn.realtor.ca/listing/TS637498596888500000/reb82/highres/5/s5127275_1.jpg"
"40072473","BEAUTIFUL MARRIAGE OF MODERNITY & ORIGINAL CHARM ON A NEARLY ¼ ACRE IN-TOWN LOT! Park-like setting with room for a garden suite & boat & RV parking! Situated mins from amenities, Hwy 400, & the GO! Extensively updated interior retains original charm! Open-concept living & dining! Bright & cheery kitchen with an attached family room! Large bedrooms! The charming #HomeToStay youve been waiting for! Visit our site for more info, photos, & a 3D tour! (62928730)","2","2 + 0","1243.0000","House",,"6 CENTRE Street|Barrie, Ontario L4N3L4","-79.69439898","44.37048578","L4N3L4",,"$649,900 ","Single Family","5","Freehold","Dishwasher, Dryer, Refrigerator, Water softener, Washer, Gas stove(s), Window Coverings",,"Partial (Unfinished)","Forced air, (Natural gas)","under 1/2 acre","Public Transit",,"RM1 (SP-528-HC)","https://cdn.realtor.ca/listing/TS637498600182700000/reb17/highres/3/40072473_1.jpg"
"40072377","Beautiful 3 Level Backsplit Minutes From The 400 Highway With Schools, Shopping, Parks And Transit All Within Close Proximity. Spacious 3+1 Bed Updated Top To Bottom. Stainless Steel Appliances, French Doors Side Entrance, Finished Basement With Fireplace And Extra Storage. Enjoy Evenings In The Backyard With Tall Trees, Large Cement Pad To Play Basketball Or Relax By The Outdoor Fire Pit. Spacious 2 Car Garage With Two More Additional Driveway Spots. Newly Enclosed Mudroom With Entryguard Door & Triple Pane Windows. (62927523)","2","3 + 1",,"House",,"91 SPRINGDALE Drive|Barrie, Ontario L4M5B2","-79.700853","44.410999","L4M5B2",,"$599,000 ","Single Family",,"Freehold","Dishwasher, Dryer, Refrigerator, Stove, Washer, Window Coverings",,"Full (Finished)","Forced air, (Natural gas)","under 1/2 acre","Park, Public Transit",,"Residential","https://cdn.realtor.ca/listing/TS637498553034330000/reb17/highres/7/40072377_1.jpg"
"40072381","Attention Investors- Cash flow! Amazing detached Legal Duplex/Secondary Suite in Barrie is waiting or you! Over +$4200/mth rent with potential for upside! Well maintained home features. Lower unit with separate entrance kitchen, bath, 2 beds & washroom! Main unit includes 4 beds, 1.5 baths, laundry & kitchen! Close to college, highway & conveniences! Start investing today! (62927583)","3","3 + 3","1500.0000","House",,"5 WEST Gate|Barrie, Ontario L4M2V7","-79.66875041","44.40838728","L4M2V7",,"$599,900 ","Single Family","5","Freehold",,,"Full (Finished)","Forced air, (Natural gas)","under 1/2 acre","Park, Place of Worship, Public Transit, Schools",,"Residential","https://cdn.realtor.ca/listing/TS637498562676800000/reb15/highres/1/40072381_1.jpg"
"40070424","Stunning raised bungalow in Barrie's northwest end. The sun filled open space where the living room overlooks the family room, will take your breath away the moment you step foot into this home. The large windows, custom hardwood floors, custom railings and the large family room in the basement, are some features you see when you first walk in. The chef's kitchen is equipped with a centre island with breakfast bar, sky light, stainless steel appliances, pot lighting,  eat-in dining and a gorgeous view of the backyard. The large master bedroom features; built-in closet organizers, semi-ensuite bathroom entry and a second walk-out to the custom deck that towers over the massive greenspace this property has to offer. The fully fenced yard is perfect for all ages and a dogs dream. The basement offers great in-law suite potential as it is fully equipped with a kitchen and separate entrance. This home is located on a quiet crescent and surrounded with friendly neighbours. Also conveniently located - minutes from shopping, dining and schools. A perfect starter home or rental property!! (62924510)","2","2 + 1",,"House",,"113 SHAKESPEARE Crescent|Barrie, Ontario L4N6B6","-79.72317629","44.38740743","L4N6B6",,"$649,900 ","Single Family",,"Freehold","Water softener, Window Coverings",,"Full (Finished)","Forced air, (Natural gas)","under 1/2 acre","Park, Public Transit, Schools, Shopping",,"Residential","https://cdn.realtor.ca/listing/TS637498408246700000/reb17/highres/4/40070424_1.jpg"
"40071888","EXCEPTIONALLY CARED FOR HOME WITH A WALK-OUT IN-LAW SUITE! Centrally located mins from amenities, shopping, & schools! Major updates including most mechanical items, most windows (2018), front & patio doors (2019), driveway paving (2019), main bathroom (2020), & laundry room (2021)! Eat-in kitchen with a W/O to an oversized deck! Well cared for by original owners! Dont let this lovely #HomeToStay get away! Visit our site for more info, photos, & a 3D tour! (62926055)","2","3 + 2","1062.0000","House",,"440 SUNNIDALE Road|Barrie, Ontario L4N7A8","-79.73030358","44.40124012","L4N7A8",,"$649,900 ","Single Family","4","Freehold","Central Vacuum",,"Full (Finished)","Forced air, (Natural gas)","under 1/2 acre","Park, Place of Worship, Public Transit, Schools, Shopping",,"R2","https://cdn.realtor.ca/listing/TS637498425881030000/reb17/highres/8/40071888_1.jpg"
"40072139","Incredible opportunity to own this cozy home located less than 4 minutes from Minet's Point Beach. Amazing 300 ft deep lot with room to grow or potential for future redevelopment. Enjoy the peace and quiet in the private backyard paradise surrounded by large mature trees. Cottage feel with city amenities around the corner. (62926285)","1","2 + 0","860.0000","House",,"226 FOSTER Drive|Barrie, Ontario L4N3X8","-79.66381763","44.37002364","L4N3X8",,"$599,000 ","Single Family",,"Freehold","Dryer, Refrigerator, Stove, Washer",,"Partial (Unfinished)","Forced air, (Natural gas)","under 1/2 acre","Shopping",,"Res","https://cdn.realtor.ca/listing/TS637498710413730000/reb17/highres/9/40072139_1.jpg"
"40072216","Welcome To This Charming 3 Bedroom Home With An Extra Room That Has Potential To Be A 4th Bedroom, Office Or 3 Season Sunroom. Backs Onto Golf Course And Only 5 Minutes From Barrie. Large Upgraded Eat In Kitchen Includes Stainless Steel Appliances And Has An Ionizer And Reverse Osmosis Water Filter System. Shop In The Back For Workspace/Storage. This Home Won't Last Long. Book Your Private Showing Today. Accepting Offers Anytime. (62926410)","1","3 + 0",,"House",,"4876 90 COUNTY Road|Springwater, Ontario L4M4S4","-79.775267","44.355013","L4M4S4",,"$515,000 ","Single Family","6","Freehold","Dishwasher, Microwave, Refrigerator, Stove, Water softener, Window Coverings",,"Crawl space (Unfinished)","Other, (Propane)","under 1/2 acre","Golf Nearby, Ski area",,"Residential","https://cdn.realtor.ca/listing/TS637498437527670000/reb17/highres/6/40072216_1.jpg"
"40072117","BEAUTIFUL FAMILY HOME WITH TREMENDOUS PRIDE OF OWNERSHIP THROUGHOUT! Excellent neighbourhood close to Hwy 400! Ample parking, newer shingles (approx 2014) & newer front porch (2019)! Great yard with perennials & a firepit! Engineered hardwood throughout the main floor & newer carpet upstairs (2016)! HE furnace! Unspoiled basement boasts bathroom rough-in! A perfect #HomeToStay for you & your family! Visit our site for more info, photos, & a 3D tour! (62926163)","2","3 + 0",,"House",,"47 PORRITT Street|Barrie, Ontario L4N6Y3","-79.7114194","44.35876364","L4N6Y3",,"$599,000 ","Single Family","5","Freehold","Dishwasher, Dryer, Refrigerator, Stove, Water softener, Washer, Window Coverings",,"Full (Unfinished)","Forced air, (Natural gas)","under 1/2 acre","Schools",,"RM1","https://cdn.realtor.ca/listing/TS637498401986200000/reb17/highres/7/40072117_1.jpg"
"S5126577","Beautifully Renovated Family Home! Situated In An Excellent Family-Friendly Location Close To Amenities, The Highway, And Schools! Fully Renovated Top To Bottom And Boasting Exceptional Finishes And Ample Natural Light! Upgraded Kitchen & All Upgraded Baths! Fresh Paint & Easy-Care Laminate Throughout! Find Peace Of Mind For Years To Come With A Newer Furnace (2019)! Your Turn-Key #hometostay Awaits! Visit Our Site For More Info, Photos, & A 3D Tour!**** EXTRAS **** Incl: Built-In Microwave, Dishwasher, Dryer, Refrigerator, Stove, Washer, Window Coverings. Rental: Hot Water Heater (27979171)","3","3",,"House",,"71 ROBIN CRT|Barrie, Ontario L4M5L9","-79.6915082","44.4119293","L4M5L9","Cundles East","$629,000 ","Single Family","2","Freehold",,,"Full (Finished)","Forced air (Natural gas)","12.38 x 100 FT ; Irreg Approx As Per Geo","Park, Public Transit, Schools","$2,977.14",,"https://cdn.realtor.ca/listing/TS637497908668630000/reb82/highres/7/s5126577_1.jpg"
"40071954","BEAUTIFULLY RENOVATED FAMILY HOME! Situated in an excellent family-friendly location close to amenities, the highway, and schools! Fully renovated top to bottom and boasting exceptional finishes and ample natural light! Upgraded kitchen & all upgraded baths! Fresh paint & easy-care laminate throughout! Find peace of mind for years to come with a newer furnace (2019)! Your turn-key #HomeToStay awaits! Visit our site for more info, photos, & a 3D tour! (62923632)","3","3 + 0",,"House",,"71 ROBIN Court|Barrie, Ontario L4M5L9","-79.6915032","44.41195493","L4M5L9",,"$629,000 ","Single Family","2","Freehold","Dishwasher, Dryer, Refrigerator, Stove, Washer, Microwave Built-in, Window Coverings",,"Full (Finished)","Forced air, (Natural gas)","under 1/2 acre","Hospital, Park, Playground, Public Transit, Schools",,"RM2","https://cdn.realtor.ca/listing/TS637497760279570000/reb17/highres/4/40071954_1.jpg"
"S5126060","This Fabulous Bungalow Features 3 Bed/2 Bath,+ A Finished Basement. Awesome Front Sunroom,Spacious Living Room And Eat-In Kitchen, Or Send The Messy Ones Around To Enter Into The Side Mudroom. When They Make A Mess, They Can Just Whip Out The Central Vac For Easy Clean Up. Great Location Just A Short Walk To Portage View Ps,Or Grab The School Bus To Barrie North Hs At The Stop Just Across The Street.Close To Barrie Transit Stops And Just A 2 Minute Drive To**** EXTRAS **** The Highway 400 For Commuters.  In 5 Mins, You Can Be In Downtown Barrie For Shopping And Medical Offices, Or At The Barrie Waterfront. For The Young Family, The Brand New Park Featuring Splash Pad, Skate Park,Tennis Courts Is Close By. (27977204)","2","3",,"House",,"5 KIPLING PLACE PL|Barrie, Ontario L4N4W9","-79.7189403749429","44.3913291268377","L4N4W9","Letitia Heights","$519,900 ","Single Family",,"Freehold",,,"N/A (Finished)","Forced air (Natural gas)","40.44 x 122.57 FT","Public Transit, Schools","$3,600",,"https://cdn.realtor.ca/listing/TS637497730762930000/reb82/highres/0/s5126060_1.jpg"
"S5126129","Beautiful Updated Bungalow In Desirable East End Neighbourhood, Walking Distance To Schools, Parks, Shopping, Waterfront Beaches & Quick Major Highway Access. This Home Boasts High End Upgrades Such As Granite Counter Tops W/ Corian Island, Maple Cabinets & Updated Lighting. Steel Roof And Freshly Painted Exterior. Bonuses Include Heated 2 Car Grg, Large Mudroom, Newer High Efficiency Ac & Furnace. New Eavestrough, Soffits & Gutter Guards 2020.**** EXTRAS **** Fridge, Stove, Dishwasher, Built-In Microwave, Clothes Washer, Clothes Dryer, All Existing Lighting Fixtures, All Existing Bathroom Mirrors, All Existing Window Coverings. (27977278)","2","3 + 1",,"House",,"30 NORTHPARK RD|Barrie, Ontario L4M2J3","-79.685286","44.4012508","L4M2J3","Wellington","$599,000 ","Single Family","6","Freehold",,,"Full (Finished)","Forced air (Natural gas)","68 x 123 FT",,"$4,090.55",,"https://cdn.realtor.ca/listing/TS637497730777700000/reb82/highres/9/s5126129_1.jpg"
"S5126245","Great Starter Family Home Or Empty Nester Hom Close To Schools, Parks, South East End Barrie.  3 Bedrooms, 2 Full Baths. 3 Living Spaces. Some Hardwood, Newer Carpet. Wired For Hot Tub.  Almost 1/4 Acre Pie Shape Lot Walking Distance To Schools, Park And Near Go Station And Waterfront. Shingles 201, Sc 2015, Furnace 2017. (27977403)","2","2 + 1",,"House",,"38 PAE DR|Barrie, Ontario L4N7N8","-79.6577512","44.3574209","L4N7N8","Painswick North","$589,000 ","Single Family","4","Freehold",,,"Full (Finished)","Forced air (Natural gas)","29.46 x 211.65 FT ; 29.43X211.65X 118.13 X133.79","Public Transit, Schools","$3,989",,"https://cdn.realtor.ca/listing/TS637497744294130000/reb82/highres/5/s5126245_1.jpg"
"N5126095","Attention Fixer Uppers, Flippers, Renovators And Do - It - Yourself Buyers ! Extensive Fire / Smoke Damage In 2020, Being Sold """"As Is, Where Is"""". The Home Is Safe To Enter But Needs Cosmetic Updating On All Three Levels, Bring Your Flashlight ( Electricity Has Been Turned Off ). Custom Built, All Brick Executive Home On A Premium 95' X 165' Private Ravine Lot ( Approx 1/3 Acre ) With Mature Trees, Large Deck, Desirable South Exposure, A Small Creek Running**** EXTRAS **** Through It And Is Only 150 Meters From The Shores Of Lake Simcoe !! The Fire Was Contained To The Bedroom In The Basement But There Is Smoke Damage Throughout. A One-Of-A-Kind Offering That Will Be Sold On Monday, March 1st ! (27977195)","4","4 + 1",,"House",,"899 7TH LINE|Innisfil, Ontario L6S4E9","-79.5402213","44.3035315","L6S4E9","Alcona","$649,900 ","Single Family","6","Freehold",,,"N/A (Finished)","Forced air (Natural gas)","95 x 130.23 FT ; 165' Deep On West Side; Approx 1/3 Acre!","Park, Schools","$5,199.02",,"https://cdn.realtor.ca/listing/TS637497730630400000/reb82/highres/5/n5126095_1.jpg"
"S5126068","Beautifully Upgraded Family Home! Situated On An Excellent Fenced Lot In A Central Family-Friendly Neighbourhood! Stunning Interior Boasts A Plethora Of Upgrades, Including Fresh Paint, New Laminate Flooring, Interior Doors, Handles, & Trim, Light Fixtures, & Living Room Feature Wall! 4 Generously-Sized Bedrooms! Sizable Freshly Stained Deck & Upgraded Front Gardens! Move In & Enjoy This Tasteful #hometostay! Visit Our Site For More Info, Photos, & A 3D Tour!**** EXTRAS **** Inclusions: Dishwasher, Dryer, Refrigerator, Stove, Washer  // Rental: Furnace, Hot Water Heater (27977213)","3","4",,"House",,"153 MARSELLUS DR|Barrie, Ontario L4N8V7","-79.7249492","44.3309061","L4N8V7","Holly","$650,000 ","Single Family","4","Freehold",,,"Full (Unfinished)","Forced air (Natural gas)","64.17 x 112.23 FT","Park, Schools","$4,553.83",,"https://cdn.realtor.ca/listing/TS637497730764670000/reb82/highres/8/s5126068_1.jpg"
"S5126239","Move In Ready Bungalow On Quiet Cul-De-Sac With In-Law Suite & Separate Entrance. Great Neighbourhood, Just Moments Restaurants, Stores, Rec Centre & Access To Hwy 400. Open Concept Main Floor With Hardwood And Title. 3 Bedrooms With Newer Windows, And A Semi En-Suite Renovated Bathroom. Spacious Basement W/ Second Kitchen, Dining & Living Room, An Additional Bedroom, Den, Bathroom, Laundry, And Separate Entrance Through The Garage**** EXTRAS **** Parking For Up To 5 Cars Total. Backyard Is A Cozy, Landscaped Oasis With Interlock Stone, Decking And An Above Ground Heated Pool! Roof Redone In 2020, Ac 2010, And Second Laundry Hook Up On Main Floor (27977396)","2","3 + 1",,"House",,"14 CANARY REED CRT|Barrie, Ontario L4N8S3","-79.720579","44.3351699","L4N8S3","Holly","$650,000 ","Single Family","5","Freehold",,,"N/A (Finished)","Forced air (Natural gas)","41.67 x 100.85 FT","Public Transit, Schools","$4,018",,"https://cdn.realtor.ca/listing/TS637497744288330000/reb82/highres/9/s5126239_1.jpg"
"40071297","Great Starter family home or empty nester home. This 4 level back-split offers good living space for the family.  3 bedrooms, 2 full baths, large bright windows, some hardwood flooring and newer carpet. Main level offers living, dining, kitchen. Upstairs offers 2 beds, bath.  Look through to lower level is family room, bedroom, bathroom.  Basement offers rec room, storage room and laundry. Almost 1/4 acre pie shape lot walking distance to schools, parks, near Go Station and waterfront. Shingles 2011, AC 2015, Furnace 2017. Way better than a townhouse!  Wiring in back for hot tub. Very nice condition. Tenant has a lot of stuff - property in very good condition. (62921485)","2","3 + 0",,"House",,"38 PAE Drive|Barrie, Ontario L4N7N8","-79.65710747","44.35750531","L4N7N8",,"$589,000 ","Single Family",,"Freehold","Dishwasher, Dryer, Refrigerator, Stove, Washer",,"Full (Finished)","Forced air, (Natural gas)","under 1/2 acre","Public Transit, Schools",,"Residential","https://cdn.realtor.ca/listing/TS637497670508800000/reb17/highres/7/40071297_1.jpg"
"S5124952","Located In A Family Friendly Neighbourhood, This Home Backs Onto A Quite Cul De Sac With No Direct Neighbours Behind. Enjoy Entertaining At Home With An Updated Kitchen With Granite Countertops And Open Concept Living And Dining Space With Beautiful Hardwoods Floors, Updated Trim, Pots Lights And A Neutral Paint Pallet. Large Private Fenced Backyard, Interlock Patio, Gas Hook-Up For Bbq And 6-Person Hot Tub (2020). The Lower Level Reno'd 2018.**** EXTRAS **** Fridge, Stove, Dishwasher, Clothes Washer, Clothes Dryer, All Existing Window Coverings, All Existing Lighting Fixtures, All Existing Bathroom Mirrors. (27973100)","2","3",,"House",,"42 MCDOUGALL DR|Barrie, Ontario L4N7H7","-79.7176454","44.4101155","L4N7H7","West Bayfield","$650,000 ","Single Family","4","Freehold",,,"Full (Finished)","Forced air (Natural gas)","67 x 109 FT",,"$3,630.66",,"https://cdn.realtor.ca/listing/TS637497017672300000/reb82/highres/2/s5124952_1.jpg"
"S5124778","Great Detached Home For Sale! 2 Bedrooms On The Main Level With An Additional In The Basement. Fully Fenced, Large Backyard With No Neighbours On The One Side Or Immediately Behind. Great Location Close To School And Public Transit Routes. Great Canvas If You Are Wanting To Renovate, Invest Or Purchase Your First Home. New Front Window And Front Door 2020, New Front Deck 2020, Hot Water Rental Is $21/Month.**** EXTRAS **** See Attached Schedule For Solar Panels (27971641)","2","2 + 1",,"House",,"41 LOUGHEED RD|Barrie, Ontario L4N8G2","-79.7304135","44.3192479","L4N8G2","Holly","$499,900 ","Single Family","3","Freehold",,,"N/A (Finished)","Forced air (Natural gas)","42.06 FT",,"$4,000",,"https://cdn.realtor.ca/listing/TS637498012368870000/reb82/highres/8/s5124778_1.jpg"
"S5124603","Move-Into This Cozy & Well Maintained Family Home W/Contemporary Touches. This Home Was Fully Renovated 5 Yrs Ago; Front Porch & Bkyd Extended Deck: 2 Yrs New; Roof Is 5 Yrs New; A/C Is 5 Yrs New. Direct Access Into Garage From Home. Private & Fully Fenced Yard W/Extended Newer Deck. Hardwood Floors, Updated Kitchen W/Granite Countertops & S.S. Appliances. Room Sizes Are For Buyer To Confirm. Conveniently Located & Walking Distance To Amenities.**** EXTRAS **** S.S. Appliances: Double Door Fridge W/Freezer On The Bottom, Stove, Dishwasher, Microwave. Side-By-Side Washer & Dryer. Existing Electrical Light Fixtures; Existing Window Coverings. Hot Water Tank Is A Rental. Furniture Is For Sale. (27971458)","3","3 + 1",,"House",,"14 A JANICE DR|Barrie, Ontario L4N5Y2","-79.722098","44.40278","L4N5Y2","Sunnidale","$599,000 ","Single Family","5","Freehold",,,"N/A (Finished)","Forced air (Natural gas)","33.5 x 110.01 FT","Public Transit","$3,600",,"https://cdn.realtor.ca/listing/TS637496896976130000/reb82/highres/3/s5124603_1.jpg"
"40071258","This home is an absolute must see! Located in a family friendly neighbourhood, it backs onto a quite cul de sac, with no direct neighbours behind. Enjoy entertaining at home with an updated kitchen with granite countertops and open concept living and dining space with beautiful hardwoods floors, updated trim, pots lights and a neutral paint pallet. This level also features main floor laundry with natural gas dryer. Walk out to a gardeners dream with large private fenced backyard, interlock patio, gas hook-up for BBQ and 6-person Hot Tub (2020). The hardwood floors and updated trim are continued to the second level which offers a large primary bedroom with walk-in closet, two great sized secondary bedrooms and updated full bath. The lower level has been completely finished with durable laminate flooring and stunning feature wall (2018). Walking distance to multiple schools, parks and Montessori schools, shopping along Bayfield Street, Georgian Mall and easy access to Highway 400. True pride of ownership in this gem, you won't be disappointed! (62917379)","2","3 + 0","1313.0000","House",,"42 MCDOUGALL Drive|Barrie, Ontario L4N7H7","-79.7176158","44.41010677","L4N7H7",,"$650,000 ","Single Family",,"Freehold",,,"Full (Finished)","Forced air, (Natural gas)","under 1/2 acre","Hospital, Schools, Shopping",,"Res","https://cdn.realtor.ca/listing/TS637496856787100000/reb17/highres/8/40071258_1.jpg"
"40067721","Investors take note! Legal Duplex near Lake Simcoe. Steps to downtown Barrie. Updated and well maintained 2 x 1-bedroom units with own laundries, hydro meters. Zoned RM1. Large Lot which would allow for future addition. FEATURES: Laminate flooring, neutral sunny décor, 1495 s.f. of living space, newer furnace, 2 sets of appliances, 62 x 130 lot with double drive parking for 6 cars, large deck and patio area, mature trees. (62913210)","2","2 + 0","1495.0000","House",,"25 GROVE Street W|Barrie, Ontario L4N1M6","-79.697842","44.395947","L4N1M6",,"$595,000 ","Single Family","6","Freehold",,,"Partial (Unfinished)","Forced air, (Natural gas)","under 1/2 acre","Beach, Marina, Park, Place of Worship, Public Transit, Schools",,"RM1","https://cdn.realtor.ca/listing/TS637496754308430000/reb17/highres/1/40067721_1.jpg"
"N5124226","One Of A Kind- Charming Fully Renovated Home On A Private 50 X 150 Lot- Backing Onto Big Cedar Golf & Country Club And Right Across From The Lake. Move In Ready Home With All The Bells And Whistles. Convenient Quiet Location- Close To All Amenities & New Development. Brand New Gourmet Kitchen With Quartz Counters, Brand New S/S Appliances, Center Island, 6"""" Hardwood Floors Through Out.**** EXTRAS **** All Elf, New S/S Kit Appliances, Washer Dryer All Windows & Roof Dec 2020. Move In Ready! Legal Description: Pt S Pt Lot 26 Con 6 Innisfil As In Ro1167083, Together With An Easement Over Parts 1, 2 & 3 Plan 51R38784 *Hwt Rental (27969300)","1","2",,"House",,"1556 HOUSTON AVE|Innisfil, Ontario","-79.530787","44.2950898","","Alcona","$649,000 ","Single Family",,"Freehold",,,"Crawl space","Baseboard heaters (Electric)","50 x 150 FT",,"$2,259",,"https://cdn.realtor.ca/listing/TS637496700977470000/reb82/highres/6/n5124226_1.jpg"
"S5123625","Wonderful 4 Bed, 3.1 Bath Semi Detached Located In Barrie's City Centre Steps To Shopping, Downtown, Lake , Public Transit & Easy Hwy Access. Open Concept Design On The Main Floor Allows For Easy Family Gatherings, Engineered Hardwood Through The Main Flr. 3 Bedrooms Upstairs, Master Offers 3 Pc Ensuite & Lrg Wlak-In Closet. The Lower Level Offers Great Potential For A Possible Second Suite With A Seperate Side Entrance. Private Fenced Yard With Deck .**** EXTRAS **** Inclusions: Fr,St,Dishwaher, Wa,Dr, Light Fixtures, All Window Blinds, Shed, Playset, Sandbox, Ecobee Thermostat, Garage Door Opener And Remote Exclusions: All Curtains & Hardware, Tv's & Tv Mounts, Shelf In Front Hall And Coat Racks. (27967547)","4","3 + 1",,"House",,"14A FERRIS LANE|Barrie, Ontario L4M2X7","-79.7001324","44.4033963","L4M2X7","City Centre","$599,900 ","Single Family","4","Freehold",,,"N/A (Finished)","Forced air (Natural gas)","25 x 122 FT","Hospital, Marina, Public Transit","$3,751.69",,"https://cdn.realtor.ca/listing/TS637496155802770000/reb82/highres/5/s5123625_1.jpg"
"40070823","Absolutely Stunning 3+1 Bedroom 3 Bathroom All Brick Detached Home With 2 Car Garage On A 54' Wide Lot! Located In Desirable East Bayfield! Moments From Schools, Parks, Shopping & Georgian College! Open Concept Kitchen With Large Island & Stainless Steel Appliances! Main Floor Family Room With Gas Fireplace! Walk-Out To A Large Patio (2018) & Excellent Private Backyard! Spacious & Bright Principal Rooms! Huge Master Bedroom with Ensuite & Walk-In Closet! New Roof (2020)! Finished Basement With Separate Bedroom/Office and Large Rec Room! Tons of Storage Space! A Must See! (62914038)","3","3 + 1","1700.0000","House",,"6 WATSON Drive|Barrie, Ontario L4M6W3","-79.70150076","44.42063325","L4M6W3",,"$599,900 ","Single Family",,"Freehold","Central Vacuum, Dishwasher, Refrigerator, Washer, Microwave Built-in, Window Coverings",,"Full (Finished)","Forced air","under 1/2 acre","Park, Schools, Shopping",,"Residential","https://cdn.realtor.ca/listing/TS637496694902470000/reb85/highres/3/40070823_1.jpg"
"S5123545","Absolutely Stunning 3+1 Bdrm 3 Bath All Brick Detached Home W/ 2 Car Garage On A 54' Wide Lot! Open Concept Kitchen With Large Island & S/S Appliances! Main Floor Family Room With Gas Fireplace! Walk-Out To A Large Patio (2018) & Excellent Private Backyard! Spacious & Bright Principal Rooms! Huge Master Bdrm With Ensuite & Walk-In Closet! New Roof (2020) Finished Basement With Separate Bedroom/Office And Large Rec Room! Tons Of Storage Space! A Must See!**** EXTRAS **** Fridge, Stove, B/I Dishwasher, B/I Microwave, Washer, Dryer, Central Vacuum, Garage Door Opener, All Elfs, All Window Coverings. Rental:Hot Water Heater. Large Garage With Inside Access + Deep Driveway With No Sidewalk! Don't Miss This One! (27966083)","3","3 + 1",,"House",,"6 WATSON DR|Barrie, Ontario L4M6W3","-79.7024964","44.4201928","L4M6W3","East Bayfield","$599,900 ","Single Family","6","Freehold",,,"N/A (Finished)","Forced air (Natural gas)","54.13 x 82.02 FT",,"$4,477.82",,"https://cdn.realtor.ca/listing/TS637496015023200000/reb82/highres/5/s5123545_1.jpg"
"40070390","This home is located in north end of Barrie near college and hospital. Home has nice curb appeal with a covered front porch and double doors leading to the foyer that has a door to access the garage from inside. Downstairs has large rec-room with gas fireplace filled with natural sunlight from the huge windows. There are also 3 bedrooms and a full bathroom in basement which all have large windows. The laundry room is clean and spacious. The Split landing when you walk in would be very easy to convert this home into having separate entrances. Upstairs there are two more bedrooms. A bright living room dining room, Well thought out kitchen design with bar stool seating and room for a breakfast table and chairs. Off the kitchen there is a sliding glass door leading to the deck in the fully fenced backyard. The master bedroom can easily fit a king size bed, Has his and hers walk in closets and its own ensuite complete with corner soaker tub and shower. The roof has also recently been replaced. This home is well kept and shows really well. PLEASE ADHERE TO COVID RULES FOR VIEWING, MASKS AND GLOVES MANDATORY. MINIMAL TOUCHING. DO NOT USE WASHROOMS. AGENTS AND 2 BUYERS MAX NO CHILDREN. (62911738)","3","2 + 3",,"House",,"68 BRIGHTON Street|Barrie, Ontario L4M6S3","-79.657659","44.409117","L4M6S3",,"$649,900 ","Single Family","3","Freehold","Dishwasher, Dryer, Refrigerator, Stove, Washer",,"Full (Finished)","Forced air, (Natural gas)","under 1/2 acre","Hospital",,"Residential","https://cdn.realtor.ca/listing/TS637495899604800000/reb17/highres/0/40070390_1.jpg"
"40066625","ALL BRICK BUNGALOW IN BARRIE'S NORTH END. CLOSE TO COLLEGE, HOSPITAL, HIGHWAY, PARKS AND RECREATION AND PUBLIC TRANSIT. WELL MAINTAINED BUNGALOW WITH DOUBLE CAR GARAGE WITH INSIDE ENTRY. BRIGHT OPEN CONCEPT KITCHEN. LARGE LIVING ROOM WITH PATIO DOORS THAT LEAD OUT TO FULLY FENCED BACKYARD.. PRIVATE DEN/OFFICE ON MAIN FLOOR. FEATURES INCLUDE: HARDWOOD FLOORS THROUGHOUT MAIN LEVEL, 2 BEDROOMS ON MAIN FLOOR, 3 BEDROOMS IN BASEMENT, MASSIVE GREAT ROOM AND SEPERATE RECROOM LOCATED IN BASEMENT, 2 FULL BATHS, AND INTERLOCK DOUBLE DRIVEWAY. PLEASE ADHERE TO COVID RULES FOR VIEWING, MASKS AND GLOVES MANDATORY. MINIMAL TOUCHING. DO NOT USE WASHROOMS. AGENTS AND 2 BUYERS MAX NO CHILDREN.OFFER PRESENTATION WILL BE MARCH 2nd AT 7PM. PLEASE REGISTER YOUR OFFER BY 5PM. ONLY SELLING AGENT WILL BE PRESENT AT OFFER PRESENTATION. SELLER RESERVES THE RIGHT TO REVIEW AND ACCEPT ANY PRE-EMPTIVE OFFERS. (62907975)","2","2 + 3","1428.0000","House",,"57 BRIGHTON Road|Barrie, Ontario L4M6S4","-79.65835118","44.40948492","L4M6S4",,"$649,900 ","Single Family",,"Freehold","Central Vacuum, Dishwasher, Dryer, Refrigerator, Stove, Washer, Window Coverings",,"Full (Finished)","Forced air, (Natural gas)","under 1/2 acre","Hospital, Schools",,"RES","https://cdn.realtor.ca/listing/TS637496142295630000/reb17/highres/5/40066625_1.jpg"
"N5122174","This Amazing Corner 2 Story 3 Bedroom Home Sites On A Large 66Ft X165Ft Lot. 5 Minute Walk To Lake Simcoe. This Home Features A Large Circular Driveway With Tons Of Parking. Brand New Sliding Doors To Sun Room, Hvac, Plumbing Serviced, And Updated. Water Softener And Uv Light. Garage Completely Updated, New Roof, Siding, New Doors, Insulated, And Heated. This Home Is Ready To Be Moved Into And Enjoyed.**** EXTRAS **** Included:  Hwt Is A Rental.Fridge, Stove, Washer, Dryer. (27961244)","1","3",,"House",,"1052 EWART ST|Innisfil, Ontario L0L1C0","-79.5450429","44.269728","L0L1C0","Lefroy","$599,999 ","Single Family","4","Freehold",,,"Partial","Forced air (Natural gas)","66 x 165 FT ; 65.91 Ft X 137.13 Ft X 3.10 Ft X 19.57","Marina, Park","$2,444",,"https://cdn.realtor.ca/listing/TS637494266246770000/reb82/highres/4/n5122174_1.jpg"
"S5121202","Fully Detached East End Bungalow Close To College And The Hospital. 2 Bedroom 1 Bath Upper Section. 1 Bed 1 Bath Lower Section. Currently Tenanted. New Shingles, New Furnace, Parking For 3 Plus Driveway Space. (27957122)","2","1 + 2",,"House",,"5 QUINLAN RD|Barrie, Ontario L4M6T2","-79.6483805","44.4113858","L4M6T2","Codrington","$649,000 ","Single Family","4","Freehold",,,"N/A (Finished)","Forced air (Natural gas)","40.91 x 109.58 FT",,"$3,835",,"https://cdn.realtor.ca/listing/TS637493409682270000/reb82/highres/2/s5121202_1.jpg"
"40069804","Fully Detached East End Bungalow Close to College and the Hospital. 2 Bedroom 1 Bath Upper Section. 1 Bed 1 Bath Lower Section. Currently Tenanted. New Shingles 2020, New Furnace 2018, Driveway done 2019 ,Parking for 3 Plus Driveway Space. (62904570)","2","1 + 2","750.0000","House",,"5 QUINLAN Road|Barrie, Ontario L4M6T2","-79.648132","44.41148","L4M6T2",,"$649,000 ","Single Family","4","Freehold","Central Vacuum, Dryer, Refrigerator, Stove, Water softener, Washer",,"Full (Finished)","Forced air, (Natural gas)","under 1/2 acre","Golf Nearby, Hospital, Place of Worship, Public Transit",,"RES","https://cdn.realtor.ca/listing/TS637493307792030000/reb17/highres/4/40069804_1.jpg"
"S5120386","This 3 Bedroom, 2 Bath Home Is Located In Barrie's North End. Minutes To Shopping, Hospital, Public Transportation, Restaurants, Recreation Centers, And Area Schools. This Open Concept Raised Bungalow Features Extra Large Master Bedroom And A Large Second Bedroom. The Main Floor Layout Features Open Concept Living With Dining, Eat-In Kitchen, And Walk-Out To The Backyard Which Is Fully Fenced And Offers A 2-Tiered Oversized Deck.**** EXTRAS **** Main Area Overlooks The Basement And Allows For Lots Of Natural Light In Both Spaces. Basement Is Fully Finished W/Spacious Rec. Room, Bedroom,& 3Pc Bath. Also On The Lower Is The Laundry/Utility Room And Inside Entry To/From The Garage. (27954438)","2","3",,"House",,"74 AMBLER BAY ST|Barrie, Ontario L4M7A6","-79.6497826","44.4143391","L4M7A6","Grove East","$649,900 ","Single Family","3","Freehold",,,"Full (Finished)","Forced air (Natural gas)","41.01 x 105.18 FT",,"$3,861",,"https://cdn.realtor.ca/listing/TS637493189643630000/reb82/highres/6/s5120386_1.jpg"
"S5120532","Perfect Opportunity For Investors! This Large Boarding Lodging & Rooming House Was Previously Licensed By The City And In The Ideal Location For Students. Amazing Walk Score With Georgian College, Shopping, Restaurants And Transit A Short Walk Away, And Just Off Hwy 400! Currently Fully Tenanted This Is The Turn Key Investment You Have Been Looking For!**** EXTRAS **** 7 Units Currently Rented For $3425 Combined Monthly. Property Management Company In Place. Coin Operated Laundry To Offset Additional Costs. (27954589)","3","7",,"House",,"314 GROVE ST E|Barrie, Ontario L4M2R5","-79.6720274","44.4071605","L4M2R5","Grove East","$599,900 ","Single Family",,"Freehold",,,"N/A (Finished)","Forced air (Natural gas)","48.25 x 132.5 FT","Hospital, Park, Public Transit, Schools","$3,906.94",,"https://cdn.realtor.ca/listing/TS637500568831470000/reb82/highres/2/s5120532_1.jpg"
"N5119949","Minutes To Lake Simcoe In Alcona This 3 Bed 3 Bath Starter Home Is Awaiting New Family. It Is Clean & Well Taken Care Of. Features Neutral Decor, Lots Of Natural Light & Plenty Storage. Driveway Is Big Enough For 4 Cars. Garage Is Generous Sized & High, For Extra Storage. Well Laid Out Unfinished Basement. Fabulous Master With Walk In And Ensuite. Very Warm, Inviting Living With F/Place For Family Gatherings. Generous Size Dining Area With Much Light. Cold Rm ** This is a linked property.** **** EXTRAS **** Minutes To Go Station (Stroud) & 400. Walking Distance To Stores. Roof 2015, Fenced Yard, Garden Shed. Incl. Appliances, Window Blinds & Elfs. Cvac. Hwt (R). Close To Schools & Library. Rec Centre Close Proximity. Bike Ride/Walk To Beach. (27952669)","3","3",,"House",,"1194 ANDRADE LANE|Innisfil, Ontario L9S4X6","-79.5610093","44.3127549","L9S4X6","Alcona","$649,000 ","Single Family","5","Freehold",,,"N/A (Unfinished)","Forced air (Natural gas)","29.53 x 98.38 FT","Park","$3,137.34",,"https://cdn.realtor.ca/listing/TS637492766075300000/reb82/highres/9/n5119949_1.jpg"
"40069561","Minutes from Lake Simcoe in Alcona this 3 bedroom, 3 bathroom starter home is awaiting a new family. Home is clean and well taken care of. Features neutral decor, lots of natural light and plenty of storage. Driveway is big enough for 4 vehicles. Attached garage is generous in size and features high ceiling, for extra storage. Well laid out unfinished basement. Home features Fabulous Master with ensuite. Very warm and inviting great room with gas F/P for family gatherings. Generous size dining area with much natural light. Cold room. Few minute drive to the closest Go Train station (Stroud). Easy access to 400. Walking distance to Stores. New Roof 2015, Fenced Yard, Newer Shed. Included: Existing Kitchen Appliances, Clothes Washer and Dryer, All existing window blinds and CVAC. HWT (R) (62901738)","3","3 + 0",,"House",,"1194 ANDRADE Lane|Innisfil, Ontario L9S4X6","-79.56074108","44.31274255","L9S4X6",,"$649,000 ","Single Family","5","Freehold","Central Vacuum, Dishwasher, Dryer, Refrigerator, Stove, Washer, Microwave Built-in",,"Full (Unfinished)","Forced air, (Natural gas)","under 1/2 acre","Beach, Park",,"RS","https://cdn.realtor.ca/listing/TS637499293057330000/reb85/highres/1/40069561_1.jpg"
"40062377","This 3 bedroom, 2 bath home is located in Barrie's North end. Minutes to shopping, hospital, public transportation, restaurants, recreation centers, and area schools. This Open concept raised bungalow features Extra Large Master Bedroom and a Large Second Bedroom. The Main Floor layout features Open Concept living with Dining, Eat-In Kitchen, and walk-out to the backyard which is fully fenced and offers a 2-tiered oversized deck. The Main area overlooks the basement and allows for lots of natural light in both spaces. The basement is fully finished with a spacious recreation room, bedroom, and 3 piece bath. Also on the lower is the laundry/utility room and inside entry to/from the garage.  New Roof in 2020. Great for the Investor or Perfect Starter Home. (62894453)","2","2 + 1","1370.0000","House",,"74 AMBLER Bay|Barrie, Ontario L4M7A6","-79.649855","44.414392","L4M7A6",,"$649,900 ","Single Family","3","Freehold","Dryer, Refrigerator, Stove, Water softener, Washer",,"Full (Finished)","Forced air, (Natural gas)","under 1/2 acre","Hospital, Park, Public Transit, Schools, Shopping",,"RES,","https://cdn.realtor.ca/listing/TS637493562980100000/reb17/highres/7/40062377_1.jpg"
"S5118899","Gorgeous Move In Ready Family Detached Home With Separate Entrance To Finished Basement In Prime Central Barrie Location! This Recently Updated Home Features Hardwood Floors, Newly Finished Basement With Full 3 Pc Bathroom, Separate Entrance And Large Deck With A Private Fenced Backyard. Close To Highway 400, Barrie's Beautiful Waterfront And Numerous Other Amenities. Simply Move In And Enjoy! Don't Miss!**** EXTRAS **** All Existing Appliances: Fridge, Stove, Dishwasher, Washer And Dryer. All Window Coverings, All Elfs, Hot Water Tank Is Rental. (27948061)","3","3",,"House",,"29 KNICELY RD|Barrie, Ontario L4N6V3","-79.6621611","44.3624178","L4N6V3","Painswick North","$599,000 ","Single Family","3","Freehold",,,"N/A (Finished)","Forced air (Natural gas)","39.37 x 109.37 FT ; Rectangular",,"$3,860.60",,"https://cdn.realtor.ca/listing/TS637492331052770000/reb82/highres/9/s5118899_1.jpg"
"S5117824","Calling All First Time Home Buyers And Investors! Carpet Free! Fresh Paiting! Over 2000 Sqft Finished. Separate Living Room And Dining Room, Bright Kitchen With Breakfast Bar, Granite Countertops, Backsplash And Brand New Microwave. Finished Basement With Big Rec Room W/New Floor, Fireplace, Wet Bar, 3Pc Bathroom, Storage And Laundry Room/Utility Room. Sun Filled Master Bedroom With Double Closet And Semi Ensuite. Central Ac Replaced 2020, Roof 2017.**** EXTRAS **** Replaced Window & Door. Corner Lot, Fenced Yard, Big Deck. Close To College, Rvh, Shopping Center/Mall, Lake, Highway, Arena, Eastview Secondary School ...... (27944214)","3","3",,"House",,"10 HOPKINS RD|Barrie, Ontario L4M5X6","-79.6497939","44.4061188","L4M5X6","Grove East","$636,000 ","Single Family","3","Freehold",,,"N/A (Finished)","Forced air (Natural gas)","44.29 x 104.99 FT","Hospital, Park, Public Transit","$4,356",,"https://cdn.realtor.ca/listing/TS637491689252630000/reb82/highres/4/s5117824_1.jpg"
"40059795","CALLING ALL FIRST TIME HOME BUYERS AND INVESTORS! CARPET FREE! FRESH PAITING! OVER 2000 SQFT FINISHED. SEPARATE LIVING ROOM AND DINING ROOM, BRIGHT KITCHEN WITH BREAKFAST BAR, GRANITE COUNTERTOPS, BACKSPLASH AND BRAND NEW MICROWAVE. FINISHED BASEMENT WITH BIG REC ROOM W/NEW FLOOR, FIREPLACE, WET BAR, 3PC BATHROOM, STORAGE AND LAUNDRY ROOM/UTILITY ROOM. SUN FILLED MASTER BEDROOM WITH DOUBLE CLOSET AND SEMI ENSUITE. CENTRAL AC REPLACED 2020, ROOF 2017. CORNER LOT, FENCED YARD, BIG DECK. CLOSE TO COLLEGE, RVH, SHOPPING CENTER/MALL, LAKE, HIGHWAY, ARENA, EASTVIEW SECONDARY SCHOOL ...... (62884743)","3","3 + 0",,"House",,"10 HOPKINS Road|Barrie, Ontario L4M5X6","-79.649874","44.406021","L4M5X6",,"$636,000 ","Single Family","3","Freehold","Dishwasher, Dryer, Microwave, Refrigerator, Stove, Water meter, Water softener, Wet Bar, Washer, Microwave Built-in, Window Coverings",,"Full (Finished)","Forced air, (Natural gas)","under 1/2 acre","Hospital, Park, Public Transit, Shopping",,"RES","https://cdn.realtor.ca/listing/TS637491543976030000/reb17/highres/5/40059795_1.jpg"
"S5113364","Amazing Property, This 2 Bedroom Plus Bungalow Is Located In The Area With Lots Of Potentials, A Perfect Home For First Time Home Buyers, Or Investors, Finished Basement With One Bedroom, Close To 400, School, Shopping.**** EXTRAS **** Fridge, Stove, Microwave, Washer And Dryer, (27927085)","1","2 + 1",,"House",,"387 EDGEHILL DR|Barrie, Ontario L4N9X5","-79.7342606","44.3786433","L4N9X5","Edgehill Drive","$649,000 ","Single Family","6","Freehold",,,"N/A (Finished)","Forced air (Natural gas)","75 x 200 FT",,"$3,715",,"https://cdn.realtor.ca/listing/TS637487383949300000/reb82/highres/4/s5113364_1.jpg"
"40063460","Top 5 Reasons You Will Love This Home: 1) Ranch bungalow presenting a prime opportunity for a first-time home buyer 2) Main level layout featuring an eat-in kitchen, a large living room, and three bedrooms 3) Situated on a deep 60'x338' lot with ample space for children and pets to roam 4) Great location within close proximity to local schools, parks, a vast selection of amenities, and Highway 400 access 5) Just a short drive to Barrie, Angus, and Base Borden. Age 17. For info, photos & video, visit our website. (62855733)","1","3 + 0","1082.0000","House",,"722 COUNTY ROAD 90|Springwater, Ontario L4N9X1","-79.73820585","44.3642719","L4N9X1",,"$565,000 ","Single Family","6","Freehold","Dishwasher, Refrigerator, Stove",,"Crawl space (Unfinished)","Forced air, (Natural gas)","0.438 ac|under 1/2 acre","Golf Nearby, Schools",,"A","https://cdn.realtor.ca/listing/TS637495932986730000/reb17/highres/0/40063460_1.jpg"
"S5104254","Great Investment Property Right Next To Georgian College And Barrie Hospital. This 4 Plus 2 Bedroom Semi Is Rented And Managed By Professional Management Company. It Also Has A Coin Laundry On Main Floor Which Adds Up To Extra Income. Close To All Amenities Like Bus Stop, Shopping, College, Hospital. And Parks. Must Be Seen!!!!!!!**** EXTRAS **** Incl. Fridge, Stove, Coin Op Washer/Dryer, All Elf's, All Window Coverings. Hwt Rented. Excluded. (Any Tenant Belongings) (27889642)","3","4 + 2",,"House",,"36 SYLVIA ST|Barrie, Ontario L4M5J4","-79.672459","44.4084793","L4M5J4","Grove East","$549,900 ","Single Family",,"Freehold",,,"N/A (Finished)","Forced air (Natural gas)","31 x 120 FT","Hospital, Public Transit, Schools","$3,142",,"https://cdn.realtor.ca/listing/TS637480470906770000/reb82/highres/4/s5104254_1.jpg"
"S5096049","Amazing Property With A Beautifully Renovated Basement And Remodelled Bathrooms! Excellent Opportunity With A Separate Basement Entrance With 3 Bedrooms, Private Laundry And Kitchen!!!! Ideal For Investors Looking For A Steady Stream Of Income! Rental Income $4200/M + Utilities!**** EXTRAS **** 2 Washer , 2 Dryer, 2 Fridge, 2 Sstove, 2 Oven & Hot Water Tank (Rental) Minutes Away From Lake Simcoe! Don't Miss Out On This Amazing Opportunity! Quick Access To Highway 400, Shopping, Restaurants, Downtown Barrie, Lake Simcoe & Much More (27855753)","2","3 + 3",,"House",,"96 WELLINGTON ST E|Barrie, Ontario L4M2C5","-79.6874451","44.3967716","L4M2C5","Wellington","$599,999 ","Single Family","7","Freehold",,,"N/A (Finished)","Forced air (Natural gas)","50 x 112 FT","Hospital, Park, Public Transit, Schools","$3,739.56",,"https://cdn.realtor.ca/listing/TS637473918966270000/reb82/highres/9/s5096049_1.jpg"
"40057701","Just under 10 private acres in the Minesing Wetlands!  No neighbours!   This is a great opportunity to take advantage of the environmental significant wetland for privacy.   Enjoy trails, Artisan fed pond and yet located close to Barrie.  4 bedrooms, 2 baths.  Open concept kitchen to living room.  Walk out basement.   Heated with propane.   Please review the multimedia and view pictures prior to booking a viewing. (62802203)","2","3 + 1","898.0000","House",,"2416 GEORGE JOHNSTON Road|Minesing, Ontario L9X1C2","-79.81655741","44.41334548","L9X1C2",,"$650,000 ","Single Family",,"Freehold","Dryer, Refrigerator, Stove, Washer",,"Full (Partially finished)","Other, (Propane)","10 - 24.99 acres",,,"Agricultural/EP","https://cdn.realtor.ca/listing/TS637492440393030000/reb24/highres/1/40057701_1.jpg"
